TGV, no TGV
16338.371938,13456.652853,
16206.862673,13459.285568,
16208.481818,13339.532335,
16169.034582,13451.805490,
16358.265353,13463.334213,
16355.517418,13359.562076,
