TGV, no TGV
79633.239670,55494.878221,
79795.942699,55684.937012,
80105.947716,55506.622914,
79742.768718,55649.603830,
79593.085536,55760.701189,
79823.269444,55780.046375,
