TGV, no TGV
27311.272764,18985.305871,
28013.360463,16809.177446,
31650.369317,21133.094279,
34378.500780,16701.025140,
27165.220607,16955.340730,
27228.540194,16955.702820,
